id,first_name,last_name,address
1,Madalena,Hendriksen,548 Bashford Drive
2,Rafaelita,Prantoni,220 Maryland Center
3,Paxton,Clackers,665 Hagan Point
4,Welby,Gon,4 Carberry Trail
5,Aline,Zupo,76 Darwin Center
6,Rex,Darwen,034 Onsgard Drive
7,Gene,Lenchenko,2348 Namekagon Road
8,Prince,Chatelet,2 Dahle Trail
9,Chip,Ganter,142 Hintze Trail
10,Marinna,Bassett,28 Fordem Way
11,Tomi,Bankes,3 Elgar Street
12,Jackquelin,Scardefield,78 Pierstorff Point
13,Marylinda,Tybalt,1511 Oak Valley Junction
14,Parker,La Padula,64 Bonner Lane
15,Stacy,Lauritsen,98 Myrtle Point
16,Suzy,Houdmont,8615 Express Way
17,Karna,Franchi,7572 Corry Terrace
18,Bent,Cordero,6533 Bultman Lane
19,Nil,Govinlock,9 Sunbrook Trail
20,Franchot,Dockwray,484 Westridge Pass
21,Ignacius,Seyler,4798 Sullivan Terrace
22,Sioux,Trelevan,47 Trailsway Center
23,Major,Orwin,872 Manufacturers Court
24,Gerta,Calf,37 Bayside Place
25,Guilbert,Armin,91 Autumn Leaf Avenue
26,Brooks,Meenehan,180 Ruskin Avenue
27,Zsa zsa,Klimashevich,7370 Autumn Leaf Lane
28,Norrie,Dominetti,99 Bellgrove Drive
29,Annecorinne,Osman,8363 Jana Parkway
30,Lindie,McGilvray,3142 Laurel Parkway
31,Obediah,Tran,0 Pleasure Junction
32,Maiga,Cannavan,8403 Eastlawn Drive
33,Dorry,Jzak,9386 Grasskamp Parkway
34,Florie,Brazener,20727 Roxbury Drive
35,Lynea,O'Neill,8425 Oxford Way
36,Karly,Goodie,0720 Marcy Pass
37,Sandor,Hing,15998 Southridge Way
38,Kearney,Balm,74 Esker Hill
39,Olag,Ikringill,2954 Heffernan Terrace
40,Gilligan,Brahm,1188 Bartelt Crossing
41,Gunner,Boorer,95 Warrior Point
42,Bondy,Wolton,69 Veith Circle
43,Lauryn,Gillbard,0786 Wayridge Crossing
44,Will,Teasdale-Markie,7008 Meadow Vale Drive
45,Valida,Chasen,9589 Susan Terrace
46,Isobel,Churchin,2824 Hooker Center
47,Kristofer,Joinson,5307 Sherman Circle
48,Yuri,Tanswill,8191 Killdeer Parkway
49,Gisele,Sciusscietto,3156 Veith Pass
50,Amy,Gillian,5688 Michigan Avenue
51,Odessa,Duffrie,5 Moulton Trail
52,Umeko,Warbeys,715 Lunder Hill
53,Jonah,Bondy,494 Donald Avenue
54,Dynah,Chinn,028 Michigan Circle
55,Klaus,Huggins,5420 Holy Cross Alley
56,Bendix,Dockerty,62401 Buell Lane
57,Parry,McKnockiter,6 Esch Alley
58,Cody,Sare,169 Springs Place
59,Worth,Riccetti,8051 Hermina Lane
60,Alexi,Venditto,16751 Milwaukee Circle
61,Ailyn,Jodrellec,05 Kennedy Drive
62,Saidee,Cunnell,1 Arrowood Park
63,Dehlia,Ferriby,89 Pine View Crossing
64,Jabez,Ballefant,1 Sherman Alley
65,Angeli,Denyukin,3869 Melrose Alley
66,Erda,Hallick,14724 Service Drive
67,Eugen,Ballsdon,0091 Waubesa Junction
68,Salomone,Curzon,6 Orin Junction
69,Monica,Tuddenham,8861 Lakeland Point
70,Morten,Dominec,7 Fisk Center
71,Hill,Eden,05565 La Follette Avenue
72,Katina,Veazey,9 Loomis Parkway
73,Francklin,Pitkaithly,4083 Kinsman Alley
74,Pat,Hofner,24 Ridgeview Parkway
75,Johnathan,Barehead,1522 John Wall Place
76,Angelle,Kippin,8553 Oneill Park
77,Karlik,Szymonwicz,63901 Messerschmidt Crossing
78,Colby,Yurmanovev,342 Knutson Center
79,Norbie,Giovani,16594 Fallview Parkway
80,Paten,Bickersteth,83 Birchwood Circle
81,Harv,Westpfel,7 Reindahl Lane
82,Donelle,Dummett,82925 Lawn Center
83,Darill,Jessard,1 Memorial Alley
84,Carlota,Gian,926 Pearson Place
85,Neddie,Sweetzer,5 Sloan Lane
86,Cherida,Jakubczyk,92 Moland Street
87,Feliza,Balleine,2 Mayer Court
88,Hinda,Simoneton,69 Luster Trail
89,Lazaro,Luto,755 Dexter Place
90,Whitney,Comelli,16308 Northwestern Center
91,Minna,Preon,4135 Killdeer Terrace
92,Izzy,Haylock,33 Continental Hill
93,Horacio,Glassborow,04 Everett Hill
94,Early,MacTerlagh,72 Sundown Hill
95,Fritz,Langsbury,29 Becker Way
96,Jobey,Olfert,64444 Kinsman Center
97,Mariana,Gartell,23 Kensington Circle
98,Bert,Ram,927 Rutledge Court
99,Dianne,Hayes,393 Carioca Terrace
100,Maison,Ashwood,7 Meadow Vale Parkway
101,Lauree,Lindberg,27 Helena Point
102,Stefan,De Blasiis,6939 Bluejay Hill
103,Hamel,Plascott,60038 Starling Court
104,Willa,Scrogges,3376 Weeping Birch Lane
105,Trina,Ailsbury,33 School Road
106,Marie-ann,Garlick,517 Vidon Park
107,Wes,Amberg,84463 Del Mar Hill
108,Delores,Bussy,27 Mallard Alley
109,Hussein,Kemetz,1711 American Point
110,Bessy,Dearden,3600 Mesta Street
111,Flor,Baskeyfied,4517 Rockefeller Parkway
112,Gwen,Kitchinham,06 Nancy Drive
113,Hirsch,Form,56 Merry Hill
114,Ivett,Simonot,8637 Judy Way
115,Gregory,Pappin,43121 Upham Way
116,Randolph,Ewer,393 Scott Crossing
117,Kamillah,Shimoni,656 Amoth Way
118,Magdaia,Cade,832 Surrey Street
119,Moe,Mockes,48 Oriole Place
120,Sinclair,McCarlich,29046 Bunting Terrace
121,Marybeth,Ruppelin,56174 Daystar Terrace
122,Ryan,Foottit,065 Sloan Road
123,Codi,Wheowall,48817 Riverside Crossing
124,Stanly,Chimienti,8324 Spohn Pass
125,Pammy,Dunsmore,52 Kinsman Hill
126,Ruttger,Ciccottini,3807 Butternut Trail
127,El,Postians,7434 Becker Crossing
128,Mano,Clarabut,7 Loomis Park
129,Hilton,Entwhistle,24330 Debs Alley
130,Janeva,Strowger,730 Jenifer Way
131,Klemens,Allone,5736 Gerald Alley
132,Lyell,Chisholm,1 South Alley
133,Lilith,Simionato,273 Ludington Avenue
134,Tudor,Bremner,05493 Florence Pass
135,Iseabal,Western,245 Continental Alley
136,Waly,Mercik,94282 La Follette Circle
137,Cory,Antonutti,5474 Sutteridge Lane
138,Kyle,McVicker,3 High Crossing Court
139,Gertrud,Burthom,4419 Express Circle
140,Crystal,Asaaf,70579 Katie Avenue
141,Sibley,Tuhy,5180 Pine View Court
142,Wilie,Crowd,9103 Pond Center
143,Carmela,Oldknow,0 Claremont Hill
144,Malena,Drillingcourt,12181 Service Way
145,Richy,Prestner,90791 Esch Circle
146,Lorri,Lamberts,2035 Quincy Plaza
147,Micah,Heigl,8627 Valley Edge Trail
148,Rose,Duffell,7731 Sundown Way
149,Rachelle,Gonneau,926 Lighthouse Bay Trail
150,Gaile,Kubczak,2 Dahle Street
151,Laraine,Pretorius,6468 Clarendon Place
152,Kahaleel,Have,0962 Merchant Junction
153,Harris,Giacomini,09 Grayhawk Court
154,Banky,Ginger,69346 Dottie Drive
155,Pernell,Kenton,1 Westport Place
156,Barbabas,Skipsey,38363 Larry Avenue
157,Gerick,Mawman,4426 Commercial Junction
158,Millicent,Brayford,533 Mcguire Drive
159,Perl,Jeger,83531 Anniversary Crossing
160,Mychal,Metzke,9826 8th Street
161,Lucinda,Ianne,02852 Bellgrove Crossing
162,Silvana,Hakonsen,8295 Sunnyside Trail
163,Edna,Annandale,2 Mcguire Park
164,Josiah,Boshell,3 Old Gate Avenue
165,Clemmie,Yearne,98206 Eastlawn Park
166,Walden,Steketee,209 Nelson Center
167,Ilise,McClinton,02129 Lerdahl Street
168,Edsel,Vizor,41 Dottie Court
169,Bruce,Ary,8239 Stoughton Way
170,Milton,Willder,7 Talisman Terrace
171,Sande,Pinxton,0 Bonner Plaza
172,Giffard,Le Teve,531 Blue Bill Park Hill
173,Devlen,Vigours,6 Pawling Hill
174,Mab,Brehaut,01405 Walton Terrace
175,Cornell,Batho,3 Corry Avenue
176,Wally,Ransley,53219 Grover Road
177,Padriac,Forten,7062 Crest Line Place
178,Malanie,Heijnen,00121 Larry Drive
179,Heida,Jannex,4493 Anderson Terrace
180,Lemmy,Denerley,0821 Glendale Crossing
181,Elladine,Lockart,3 Milwaukee Crossing
182,Killy,Briskey,547 Alpine Court
183,Shaine,Bees,1544 Dakota Road
184,Cassius,Boycott,8264 Jay Street
185,Karlens,Reasce,6 Mariners Cove Parkway
186,Jolynn,Robley,49986 Park Meadow Center
187,Ado,Korb,60 Glendale Parkway
188,Emlen,Goodinge,94 Lighthouse Bay Court
189,Rhea,Peile,31315 Meadow Vale Parkway
190,Felita,Ierland,1883 Sutherland Lane
191,Nanice,Zammett,155 Esker Lane
192,Clifford,Scrooby,648 Packers Way
193,Leigh,Edinburgh,935 Glacier Hill Alley
194,Early,De Giovanni,1 Texas Drive
195,Hewe,Bierton,045 Shelley Plaza
196,Ephrem,Sussex,3684 Stoughton Pass
197,Giacopo,Smythin,241 Lotheville Pass
198,Sheena,Joppich,3 Loftsgordon Lane
199,Letizia,Paramore,8299 Thackeray Court
200,Lorraine,Skelhorne,9873 Division Hill
201,Don,Perigoe,7717 Larry Court
202,Orran,Errett,7114 Dapin Pass
203,Dona,Liver,1 Hovde Court
204,Dreddy,Hambelton,6678 Nova Pass
205,Lyell,Kingh,8569 Hollow Ridge Avenue
206,Diahann,Ysson,78297 Melvin Center
207,Lynne,Pace,7 Stephen Alley
208,Nahum,Pizer,2981 Paget Street
209,Ajay,Arnaud,4818 Clarendon Street
210,Karlotte,Raspison,077 Surrey Trail
211,Munroe,Hayselden,53880 Londonderry Park
212,Cammy,Matthiesen,02 Katie Hill
213,Arv,Euplate,32633 Bartillon Avenue
214,Gannie,Steinor,21 Lakeland Trail
215,Luelle,Prestney,08816 Carpenter Way
216,Aharon,Stanyer,04185 Summer Ridge Point
217,Doralyn,Vasyutichev,70 Shoshone Drive
218,Arlena,Thow,6093 Tony Point
219,Evangelina,Rushe,3 Columbus Place
220,Mick,Muscott,397 Canary Junction
221,Caterina,Bengtson,5 Scott Drive
222,Umberto,Belhomme,31336 Anhalt Drive
223,Fania,Lowy,81 Union Drive
224,Hana,Pawels,096 Linden Terrace
225,Nadya,Bunclark,163 Hovde Way
226,Aloise,Dericut,712 Bowman Trail
227,Ferris,Caselli,9275 Corscot Park
228,Malynda,Fisbey,0060 Briar Crest Junction
229,Gail,Lafayette,1996 Vera Avenue
230,Liz,Manwaring,9 Center Junction
231,Hagan,Schreurs,09 Armistice Pass
232,Regan,Pipe,060 Rutledge Place
233,Georgeta,Peaden,50 Mariners Cove Street
234,Cammy,Freear,1 Melrose Terrace
235,Hyacinthie,McElvine,3948 Trailsway Junction
236,Harlen,Steinson,0 Coolidge Pass
237,Any,Albinson,6 Mosinee Hill
238,Illa,Comusso,5296 Toban Avenue
239,Leland,Doulden,0719 Blue Bill Park Junction
240,Eduardo,Guidoni,751 Grasskamp Way
241,Chrissy,Devoy,46201 Green Ridge Lane
242,Rudie,McAnellye,024 Bluejay Court
243,Bradan,Beaney,6 Artisan Terrace
244,Anjanette,Skrzynski,53 Duke Street
245,Cletus,Braybrooke,2 Tony Way
246,Vanny,Dyzart,13138 Hooker Alley
247,Britney,Pfiffer,55 Cardinal Street
248,Toma,Pollak,61975 Delaware Street
249,Ginnifer,Wheatman,97674 Marcy Park
250,Marge,Yon,58386 Merry Junction
251,Dur,Flament,63 Vera Circle
252,Teddie,Paxeford,3 Cherokee Trail
253,Stavros,Whitters,1281 Lillian Road
254,Cosette,Dowson,9 Tony Drive
255,Doll,Coomer,807 Lawn Center
256,Corette,Yarnell,0 Express Pass
257,Robinet,Dilke,15236 Ridge Oak Alley
258,Anson,Grinsdale,918 Charing Cross Terrace
259,Dita,Runcie,83722 Sunfield Lane
260,Magdalena,Andriuzzi,810 South Center
261,Alissa,Upshall,72 Becker Park
262,Edita,Turk,84263 Maywood Point
263,Grace,Filippello,9192 Loftsgordon Terrace
264,Carter,Verne,6 Carberry Pass
265,Dionysus,Hendonson,58649 Starling Park
266,Carmela,Crampton,11 Ronald Regan Alley
267,Cal,Sinnatt,4 Gale Terrace
268,Jordana,Fitter,255 Bowman Circle
269,Jodee,Fradson,6285 Meadow Ridge Place
270,Fletcher,Garlinge,7640 Butterfield Trail
271,Ninnetta,Sowter,8893 Ryan Court
272,Maximilien,Smyth,2 Boyd Center
273,Gal,Weiser,06809 Northridge Park
274,Spence,Goadbie,6 Browning Pass
275,Inga,Giveen,2473 Ohio Court
276,Wilburt,Ferandez,1 Logan Terrace
277,Tamara,Littlejohn,2 Prairieview Parkway
278,Corie,Grissett,1285 Northland Trail
279,Kalina,Schlagman,222 1st Plaza
280,Normie,Cattrell,0547 Cottonwood Avenue
281,Prince,Klimes,61 4th Alley
282,Charleen,Klaesson,2 Farwell Road
283,Camile,Christer,73 Helena Place
284,Kathrine,Jennens,56 Butterfield Circle
285,Martica,Pullan,01810 Sheridan Circle
286,Walt,Pizzey,8 Farmco Avenue
287,Neville,Sharpe,4 Pine View Pass
288,Tedda,Bennit,51830 Shopko Pass
289,Corbin,Larkin,1 Melrose Circle
290,Berty,Collete,5068 Hauk Terrace
291,Charla,Galland,41 Bellgrove Circle
292,Austin,Rattenberie,8273 Lawn Crossing
293,Nora,Emloch,1082 Brickson Park Terrace
294,Dougie,Turnbull,552 Ruskin Park
295,Carolyne,Farryann,81816 Golf View Alley
296,Cameron,Snooks,41639 Summerview Plaza
297,Christina,Rodnight,4971 Jenna Trail
298,Lyndell,McKendo,9 Valley Edge Circle
299,Tommie,Bronger,539 Ridgeway Way
300,Tomkin,Clubley,158 Melody Hill
301,Vilma,Grzeskowski,52 Acker Lane
302,Welby,Zapata,22 Corben Junction
303,Molly,Ragsdall,93 Westerfield Lane
304,Ricca,Craddock,4 Melvin Hill
305,Tuck,Teare,9587 Mallard Point
306,Jack,Simper,4011 Mcbride Pass
307,Sena,Gerrett,7 Ramsey Crossing
308,Dagny,Wolstencroft,1 Merry Point
309,Blancha,Vanyukhin,554 Esch Plaza
310,Melita,Yeend,4116 Pennsylvania Pass
311,Ivonne,Tooby,9784 Coleman Parkway
312,Carrissa,Labusch,872 Eliot Court
313,Carolann,Mohan,08 Paget Park
314,Baily,Rabidge,06 Nancy Pass
315,Worthy,Dalyell,62988 Artisan Center
316,Eliza,Thormwell,538 Macpherson Pass
317,Osbert,Membry,319 Johnson Circle
318,Thelma,Brearley,66304 Messerschmidt Street
319,Addie,Huke,479 Carpenter Plaza
320,Randie,Upham,8 Heath Way
321,Gena,Camps,93818 Thackeray Alley
322,Casandra,Cribbott,3131 Mallard Alley
323,Raye,Cattlemull,329 Ridgeview Center
324,Kenon,Sammes,9 Packers Way
325,Anjela,Handford,006 Northview Pass
326,Dyanna,Brittain,47 Steensland Plaza
327,Therine,MacColm,0 Morningstar Terrace
328,Kariotta,Adamowitz,5 Northport Center
329,Thatcher,Riddock,0 David Drive
330,Jennee,Haney`,82 Carioca Plaza
331,Jewel,Wyman,0232 Iowa Parkway
332,Sarge,Scoon,20 7th Place
333,Manfred,Hoy,908 Kings Circle
334,Winthrop,Hulstrom,947 Jenna Lane
335,Margret,Burnsyde,8960 Bashford Center
336,Shaun,McCrackem,05 Hazelcrest Way
337,Lelah,Scotney,14467 Doe Crossing Terrace
338,Flint,Pavie,3 Briar Crest Court
339,Jae,Haile,34818 Dakota Park
340,Colleen,Pitts,7999 Carey Way
341,Tallia,Sullly,2653 Kings Crossing
342,Odie,Berkowitz,63 Eagan Plaza
343,Chickie,Fludder,78 Crescent Oaks Crossing
344,Bronny,Stratten,701 Logan Junction
345,Ezri,Goodin,8 Towne Terrace
346,Yank,Skellorne,8015 Dixon Junction
347,Abelard,Leader,7237 Carioca Way
348,Ignazio,Lent,7795 7th Crossing
349,Aila,Cluse,4 South Crossing
350,Mari,Fortnon,9324 Waywood Alley
351,Darin,Hiseman,73 Kennedy Pass
352,Nevsa,Benneyworth,71831 Vahlen Place
353,Bordy,Josowitz,3 Jenifer Court
354,Helene,Northleigh,57135 Thompson Alley
355,Margaretta,Henryson,9940 Kings Plaza
356,Chancey,Canby,348 Mandrake Way
357,Cindie,Dunkerton,68 1st Avenue
358,Samson,Aronowitz,778 Westridge Drive
359,Emalee,Rayson,63068 Debs Trail
360,Marjie,Giorgione,549 Grim Hill
361,Analiese,Spitell,4 Mifflin Pass
362,Celestine,Carrabott,087 Farwell Crossing
363,Caterina,Foat,3 Portage Court
364,Enrico,Burgane,573 Carey Way
365,Ermanno,Bracci,37402 Logan Street
366,Nappy,Crosoer,896 Hintze Road
367,Rorke,Deer,83035 Pearson Lane
368,Kassie,Yanele,03 Hoffman Plaza
369,Leonidas,Shermar,9799 Esker Center
370,Hillier,Mandrake,50927 Mcguire Circle
371,Winthrop,Philipet,4 John Wall Point
372,Taber,Tebboth,160 La Follette Center
373,Dionis,Ledgley,35 Mayer Center
374,Pepillo,Shingler,5 Mayer Avenue
375,Bernita,Faldo,99 Huxley Circle
376,Dougie,Coleson,65 Ryan Circle
377,Chrotoem,Bever,50 Mcguire Hill
378,Rozanna,Ciccotti,5 Oriole Trail
379,Calida,Bosch,83642 Comanche Trail
380,Dilly,Proud,5336 Vernon Parkway
381,Michaeline,Brimilcome,445 Grayhawk Road
382,Rainer,Featley,438 East Terrace
383,Van,Mincher,4115 Tennessee Circle
384,Farlie,Gebbie,24430 Scott Avenue
385,Bernhard,Back,27885 Atwood Parkway
386,Kellia,Masdin,797 Columbus Hill
387,Virgina,Rivalland,1 Parkside Center
388,Ransom,Dantesia,3374 Talmadge Court
389,Vitoria,Najera,31331 Coolidge Alley
390,Whitman,Toby,6 Merrick Drive
391,Amata,Goater,38919 Charing Cross Point
392,Tamqrah,Linner,102 Dorton Avenue
393,Gay,Turfes,00316 Magdeline Circle
394,Yorgos,Peggram,97 Rusk Alley
395,Guthrie,Clancy,2660 Spenser Lane
396,Ellynn,Grigaut,1324 Forest Street
397,Urson,Cornelius,535 Springs Place
398,Penny,Drysdell,38 Dawn Park
399,Aurthur,Klaff,6 Service Junction
400,Maurise,Janu,969 Lake View Parkway
401,Patin,Woolmington,6122 Lillian Road
402,Stanton,Tongue,059 Claremont Junction
403,Pam,Enocksson,6 Delladonna Trail
404,Roseline,Tarplee,3036 Lunder Street
405,Corey,O'Towey,18 West Crossing
406,Lolly,Cunnane,1 Di Loreto Plaza
407,Wynny,O' Shea,5 Erie Street
408,Porty,Dykins,13 Bartillon Drive
409,Marlane,Frankema,94 Waywood Park
410,Nissa,Ellaman,3247 Nova Alley
411,Matty,Jaquin,525 Di Loreto Crossing
412,Misty,Lorroway,6 Shoshone Way
413,Toddie,Willmetts,16208 Daystar Court
414,Israel,Sidebotton,37773 Clove Point
415,Kath,Handford,67 Towne Center
416,Jolee,Daniells,0 Harbort Terrace
417,Frank,MacPadene,012 Blaine Lane
418,Benedicta,Wavish,85 Meadow Vale Trail
419,Cristi,McGebenay,6 Esker Parkway
420,Evy,Culy,41 Riverside Junction
421,Lanita,Dulling,89 Fulton Center
422,Pearl,Staton,20 Oriole Lane
423,Adlai,Brierton,823 Morrow Plaza
424,Sharla,Dorricott,8145 Shopko Street
425,Caddric,Krystek,378 Prairie Rose Road
426,Marinna,Perin,6 High Crossing Road
427,Reba,Salmons,3 Coolidge Way
428,Delcine,Habbijam,6 Tennyson Place
429,Velvet,Sieghart,1 Carioca Road
430,Marybelle,Dimitrie,2658 Loeprich Crossing
431,Bernhard,Ransbury,226 Lerdahl Road
432,Dolley,Haggleton,28 Bay Park
433,Belicia,Nono,8871 Acker Court
434,Sharity,Suddock,097 Arkansas Lane
435,Martyn,Hultberg,7324 Brown Court
436,Tito,Hamsley,86747 Manley Point
437,Berty,Corradeschi,7 Thompson Center
438,Sheree,Skirling,0492 Ryan Pass
439,Vallie,Vondrasek,23000 Charing Cross Circle
440,Sofie,Folbige,4997 Novick Road
441,Van,Mogie,47758 Sunfield Park
442,Brodie,Manz,41412 Oxford Park
443,Katharina,Reucastle,5712 Northfield Circle
444,Adelbert,Fearn,42844 Sutherland Plaza
445,Truman,Lyfield,7871 Hauk Road
446,Cammy,Bouller,3547 Fairfield Plaza
447,Floria,Aslum,578 Nobel Crossing
448,Vickie,Hollows,2 Union Place
449,Vale,Chesney,25863 Judy Trail
450,Janette,MacGinlay,4 Northport Terrace
451,Tara,Linn,331 School Terrace
452,Danny,Tower,9 Marquette Hill
453,Jeffry,Tures,6799 Iowa Street
454,Hermann,Cavilla,27605 Raven Alley
455,Chickie,Vink,5 Susan Parkway
456,Hyacinth,Blaschek,98222 Milwaukee Way
457,Morie,Mattiazzi,56 North Crossing
458,Stanly,Oles,60 Maywood Circle
459,Mace,Yarker,6930 Gale Junction
460,Isabelita,Lanegran,1 Lukken Pass
461,Merill,Draco,090 Continental Park
462,Danny,Commuzzo,66 Arizona Street
463,Stanislaus,Antram,2 Dixon Street
464,Krystyna,Anton,25789 Donald Terrace
465,Kathrine,Kilmurry,33989 Monterey Junction
466,Rozella,Sanzio,183 Homewood Lane
467,Kaiser,de Nore,204 Pine View Center
468,Vallie,O'Canavan,5 High Crossing Junction
469,Josy,Martschik,267 Bobwhite Plaza
470,Maxwell,Gaishson,9828 Dorton Terrace
471,Eyde,Kivelle,9716 West Lane
472,Cynthy,Carvil,144 Hanson Hill
473,Viola,Kidby,5282 Morningstar Alley
474,Bale,Dormer,5 Upham Alley
475,Shannan,Tribell,03125 Independence Road
476,Tait,Gallego,7086 Mockingbird Center
477,Benton,Langabeer,414 Macpherson Road
478,Barde,McKall,054 Hansons Hill
479,Shir,Faier,3 Sheridan Center
480,Tabbitha,Hunnam,400 Superior Terrace
481,Jewell,Tugwell,956 Village Crossing
482,Fonz,Winnett,10 Arkansas Trail
483,Felice,Mazillius,5 Center Avenue
484,Biron,Agiolfinger,8 3rd Plaza
485,Margareta,Cuttles,89780 Schiller Way
486,Ingaborg,Lucy,244 Arrowood Junction
487,Belle,Betonia,201 Anzinger Lane
488,Gregorio,Emeline,34 Kings Street
489,Normand,Crawcour,03543 Hoepker Road
490,Kara-lynn,Longcake,1 Mifflin Avenue
491,Gipsy,Grigorescu,9 Butterfield Pass
492,Imelda,Raistrick,2889 Glendale Street
493,Boigie,Drife,12090 Waywood Alley
494,Elston,Bugbird,54494 New Castle Court
495,Bradly,Speechly,73805 Buhler Alley
496,Tammara,Scotting,972 High Crossing Parkway
497,Midge,Flowers,8 Kipling Plaza
498,Sherry,Loachhead,2488 Carioca Park
499,Whittaker,Beaty,954 Shasta Terrace
500,Jere,Heenan,33189 La Follette Junction
501,Stan,O'Brogan,48181 5th Point
502,Michale,Josselsohn,548 Farragut Hill
503,Gustavo,Kermannes,3438 Prentice Way
504,Brynne,Dugdale,713 Northfield Place
505,Rivy,Culleton,42291 Anniversary Lane
506,Lynda,Norcop,8801 Morning Trail
507,Gianina,Castelain,2 Blaine Street
508,Banky,Beardall,986 Tennessee Circle
509,Morgana,Killbey,70 Lien Trail
510,Tracey,Skellington,4354 Lakewood Drive
511,Anatola,Ivantyev,91 Iowa Road
512,Ash,Sharpe,3 Corry Point
513,Katya,Seagrave,5943 Derek Trail
514,Trudey,Sines,768 Thompson Way
515,Renie,Goundrill,51 Melvin Road
516,Clemmy,Medler,84262 Gateway Plaza
517,Laina,Durant,745 Upham Street
518,Aleece,Dando,40 Arizona Plaza
519,Rosamond,Minelli,337 Ilene Way
520,Helge,Kyteley,51018 Florence Plaza
521,Dewain,Culy,488 Dwight Drive
522,Fleurette,Ollerton,6903 Vidon Drive
523,Shoshana,Dealey,2 Eliot Hill
524,Vinson,Ollerhead,79 Bartelt Road
525,Golda,Bernhardi,94174 Melvin Avenue
526,Hillel,Jeckell,5 Fulton Trail
527,Hesther,Leipold,89 Glacier Hill Park
528,Cesar,Lansdale,271 Valley Edge Way
529,Dewey,Lamb-shine,391 Nancy Alley
530,Imojean,Zold,545 Kensington Lane
531,Sascha,Quarterman,71 Buhler Center
532,Drucill,McDermot,28 Cambridge Hill
533,Hillary,Skeermor,372 Sachs Crossing
534,Verne,Alpine,793 Homewood Drive
535,Ariel,Wedderburn,30 West Alley
536,Kelila,Baylis,358 Claremont Circle
537,Coraline,Kurdani,64902 Laurel Lane
538,Tully,Frondt,580 Springs Trail
539,Parry,Kruszelnicki,30195 Duke Drive
540,Jorry,Glisenan,4 Carey Lane
541,Joachim,Bockh,874 Charing Cross Avenue
542,Irena,Cunah,327 Fulton Court
543,Aurthur,Mosco,8 Redwing Road
544,Salem,Dron,09 Logan Lane
545,Jamaal,McGowran,3 Carberry Junction
546,Palmer,Conerding,927 Nancy Alley
547,Hallie,Orrey,9849 Merchant Circle
548,Selle,MacGhee,47373 Prentice Plaza
549,Carlynn,Kightly,737 Johnson Junction
550,Kincaid,Izatson,9 Eagle Crest Park
551,Biddie,Wallach,17988 Prairieview Plaza
552,Claudius,Conti,63008 Hanson Park
553,Easter,Law,0194 Schiller Hill
554,Chrissy,Ferenczi,301 Westend Circle
555,Palmer,Paulack,22848 Mendota Point
556,Laurent,Earwicker,4 Schiller Street
557,Walton,Quantrell,40467 Meadow Vale Circle
558,Sharlene,McKeurtan,263 Farmco Circle
559,Janaye,Bickerstasse,11983 Sachs Circle
560,Phaedra,Fairbard,832 Golf View Parkway
561,Freda,Beedom,914 Grayhawk Park
562,Prue,Carleman,91881 Lake View Alley
563,Raynard,Polland,19 Towne Lane
564,Diarmid,Bagby,04 Northfield Lane
565,Chrissie,McPike,473 Johnson Parkway
566,Elysia,Windram,1 Caliangt Park
567,Otho,Missen,7181 Dixon Trail
568,Thalia,Tiptaft,4 John Wall Lane
569,Arel,Netley,13 Logan Way
570,Kenny,Losty,5 Roxbury Drive
571,Devi,Lucey,805 Manufacturers Parkway
572,Christi,Abthorpe,4 Birchwood Alley
573,Max,Doughill,7 Derek Pass
574,Waylen,Fawkes,2 Oriole Drive
575,Jaquelin,Cayet,97 Graceland Way
576,Randell,Hanaford,047 Nevada Road
577,Selma,Drewell,91134 Onsgard Road
578,Amery,Quemby,71 Spohn Street
579,Tallulah,Sanchis,8559 Donald Lane
580,Jessa,Satterley,1917 Mcguire Terrace
581,Amerigo,Wasielewski,9 Killdeer Park
582,Rene,Ozelton,28 Anniversary Trail
583,Gayelord,Lockley,0599 Cascade Avenue
584,Jorgan,Carnihan,9 Mosinee Way
585,Bentley,Calverley,695 Northfield Avenue
586,Sidnee,Frangello,53149 Center Alley
587,Abdul,Hext,7 Delladonna Crossing
588,Delora,O'Hearn,2 Thackeray Lane
589,Irena,Lidgely,075 Heath Hill
590,Kellyann,MacAlester,63 Del Sol Alley
591,Isaiah,Solomon,20 Meadow Valley Junction
592,Julissa,Bearne,9706 Kim Point
593,Tabatha,O'Loughane,3852 Kipling Crossing
594,Ingemar,Swepstone,31 Onsgard Way
595,Nanice,Churches,648 Gateway Park
596,Gabie,Lear,2 Fordem Pass
597,Stevana,McMurthy,74 Mayer Drive
598,Nap,Davidovitch,1 Cottonwood Terrace
599,Kellyann,Darwin,8816 Vidon Street
600,Marten,Osler,83 Manitowish Street
601,Ivan,Brooks,81 Del Mar Hill
602,Loni,Connew,1398 Dorton Circle
603,Morty,Pumphrey,642 Fieldstone Way
604,Martino,Goodsell,92 Eagan Plaza
605,Edna,Addey,2728 1st Trail
606,Corbie,Pocklington,1 Calypso Lane
607,Rickie,Tooby,30 Arkansas Circle
608,Alverta,Childes,827 Caliangt Plaza
609,Israel,Cadreman,86075 Bunting Park
610,Lynea,Pidgley,56022 Acker Plaza
611,Robert,McTerlagh,433 Commercial Avenue
612,Imojean,Graves,202 Lerdahl Junction
613,Kean,Carney,1917 Bunting Place
614,Harley,Phillpot,4 Surrey Hill
615,Reese,Nary,361 Warrior Parkway
616,Nicol,Arthars,693 3rd Circle
617,Viola,Samuel,671 Morningstar Drive
618,Ada,Boat,3141 Vernon Lane
619,Wilie,McIan,8949 Melby Lane
620,Tye,Circuit,357 Sheridan Street
621,Phylys,Ewbach,321 Nevada Lane
622,Adelina,Quittonden,33 Ryan Crossing
623,Frederique,Furmston,19635 Bayside Center
624,Hayyim,Zamora,4329 Orin Alley
625,Donaugh,Licciardiello,7 Twin Pines Center
626,Emmit,Measen,07205 Almo Alley
627,Tamara,Heffron,85 Charing Cross Alley
628,Trip,Wallsam,4 Beilfuss Trail
629,Dannie,Liverseege,96 Messerschmidt Point
630,Alla,Ilsley,5140 Colorado Park
631,Vivie,Spino,4014 Northview Terrace
632,Trista,Thackray,87471 Marquette Trail
633,Brennen,Pirkis,37074 Hagan Circle
634,Stephenie,Prime,9157 Service Street
635,Hadleigh,Ebbings,570 Carioca Trail
636,Merrile,Andreev,290 American Trail
637,Stafani,Allner,72157 Kinsman Park
638,Ellyn,Carnew,75 Swallow Road
639,Whitby,Beningfield,9823 Hoard Trail
640,Sheffie,Manterfield,12090 Upham Terrace
641,Lawry,Purser,67469 Delladonna Way
642,Aridatha,Vigors,30895 Warner Junction
643,Krissie,Demaine,33 Annamark Lane
644,Katharine,O'Leagham,725 Hoffman Circle
645,Vladimir,Edmett,8356 Jackson Pass
646,Lidia,Hawkyens,0686 Texas Pass
647,Ofilia,Louiset,6524 Cordelia Terrace
648,Coleman,Boodell,6968 Holy Cross Court
649,Fidelio,Hambling,84588 Continental Drive
650,Cristy,Beardall,893 Logan Place
651,Garrard,Schwand,4 Rutledge Point
652,Tiffanie,Polle,117 Forster Terrace
653,Sutton,Olkowicz,14 Twin Pines Road
654,Daron,O'Shiels,88110 4th Junction
655,Vladimir,Gleave,2 Barnett Lane
656,Alvina,Tranter,6 Clyde Gallagher Parkway
657,Tremayne,Vany,63795 Hovde Avenue
658,Fayre,Fawdry,5 Corben Crossing
659,Brewster,Bram,662 School Drive
660,Gusty,Vost,6742 Mallard Road
661,Cassondra,Raulstone,562 Knutson Crossing
662,Leonhard,Cush,9 Bashford Avenue
663,Ange,Brobak,3257 Farwell Street
664,Welby,Blythe,6752 Hagan Lane
665,Zorana,Rickhuss,981 Vermont Court
666,Salomone,Menendes,94 Bultman Court
667,Benedikt,Winskill,3708 Portage Parkway
668,Patty,McPhillimey,85 Ridgeview Circle
669,Engracia,Madelin,19003 Knutson Junction
670,Lizabeth,Taillant,57 Harper Hill
671,Kristien,Silverwood,31 Summer Ridge Pass
672,Merwyn,Bilton,048 Kingsford Terrace
673,Friederike,Stubley,86398 Myrtle Court
674,Terry,Merioth,10 David Trail
675,Jephthah,Karlowicz,30656 Artisan Alley
676,Dulciana,MacQuarrie,804 Heath Place
677,Claretta,Augar,6 Graceland Terrace
678,Todd,Tabor,83847 Farragut Court
679,Derrick,Bernini,94153 Melody Center
680,Madalena,Joncic,2900 Gina Lane
681,See,Inger,3 Charing Cross Avenue
682,Dion,Lambourne,34881 Armistice Avenue
683,Colet,Odney,511 Graceland Point
684,Iseabal,Stowell,147 Nelson Center
685,Dorian,Donnett,6 Laurel Pass
686,Arvin,Brettel,24523 Maryland Terrace
687,Mattias,Connochie,1 Anderson Junction
688,Rab,Rourke,1 Florence Way
689,Olympie,Brusby,9 Grasskamp Center
690,Lucio,Wyllis,995 Butterfield Lane
691,Daffy,Trodd,35 Packers Point
692,Noble,Arrundale,2 American Street
693,Deana,Effemy,5 Heath Point
694,Thibaud,Biermatowicz,06302 North Point
695,Lorenzo,Blatchford,76850 Debs Terrace
696,Derward,Spring,79 American Ash Place
697,Yorke,Ingledew,57 Gerald Road
698,Gerik,Reignard,04394 Algoma Court
699,Sophronia,Yanov,20068 Scott Crossing
700,Sigmund,O'Conor,056 Stephen Plaza
701,Mavis,Hurford,5 Delladonna Pass
702,Morgen,Waller-Bridge,31 Lukken Crossing
703,Lisette,Atrill,72 Chive Point
704,Stormie,Cooke,9 Tennyson Junction
705,Nerta,Bengochea,2442 South Plaza
706,Gib,Vlasov,2367 Mandrake Terrace
707,Alexandre,Gellier,3635 Blue Bill Park Street
708,Colver,Madrell,5429 Spohn Road
709,Idette,Currum,7 Forest Junction
710,Raimund,Tedridge,5974 American Crossing
711,Reyna,Lillicrap,6 Holy Cross Center
712,Luella,Croysdale,44264 Browning Way
713,Enid,Hoolaghan,71868 Kennedy Place
714,Hervey,Tuke,9879 Judy Lane
715,Araldo,Bleackley,3414 Hudson Way
716,Rod,Ferrillo,335 Cottonwood Park
717,Tamra,Checcuzzi,2 Tomscot Road
718,Niall,Fitzroy,92 Lindbergh Street
719,Onfroi,Silk,78 Delladonna Junction
720,Evy,Cumo,20189 Grover Alley
721,Eilis,Fumagall,33559 Truax Court
722,Marv,Capini,6453 Cottonwood Avenue
723,Gigi,Piddlehinton,2 Union Road
724,Milli,Winley,556 Mallory Plaza
725,Niels,Reiners,9 Maywood Hill
726,Melantha,Pidgeley,91019 Forest Circle
727,Gannie,Clitsome,122 Dwight Road
728,Leonid,Oulet,3743 Bellgrove Junction
729,Boris,Thumim,34 Dakota Terrace
730,Gustave,Crottagh,37744 Parkside Pass
731,Blancha,Ivermee,98 Eagan Way
732,Zonnya,Pickersail,1078 Montana Place
733,Tracy,Geist,79 Clyde Gallagher Court
734,Martynne,Purkis,4 Bunting Pass
735,Skipp,Winkle,7045 Arapahoe Court
736,Gail,Chadderton,76249 Northport Crossing
737,Cassaundra,Klezmski,054 Sloan Park
738,Nap,Nettles,44385 Kings Court
739,Bryn,Doxey,7 Harbort Terrace
740,Peggy,Clifton,75626 Tennessee Road
741,Felicia,Godber,83 Ronald Regan Junction
742,Oliy,Castilla,99447 Cottonwood Trail
743,Lil,Garci,7648 Maywood Park
744,Cymbre,MacCawley,16 Heath Hill
745,Maxine,Notman,7 Gulseth Place
746,Mychal,Bogart,70 Cambridge Parkway
747,Keely,Kippen,57448 Brickson Park Crossing
748,Kelcey,Wolffers,65 Autumn Leaf Avenue
749,Diannne,Clever,645 Almo Hill
750,Samara,Cordie,04809 Hoffman Drive
751,Orrin,Adran,94088 Morningstar Plaza
752,Alayne,Hargie,1192 Banding Terrace
753,Meryl,Loftus,14883 Eagle Crest Way
754,Hermina,Dowry,6 Orin Plaza
755,Deeanne,Pawelczyk,5 Northridge Way
756,Byrom,Moxley,843 Westerfield Way
757,Jeanna,Busen,5 7th Circle
758,Gabie,Antonutti,0 Dovetail Crossing
759,Wylma,Rafferty,6 Menomonie Way
760,Piggy,Freiburger,397 Sachs Road
761,Reuven,Viegas,598 Sunbrook Avenue
762,Erik,Botham,61802 Waywood Way
763,Robby,Bigrigg,17 Lindbergh Junction
764,Cassaundra,Grazier,47191 Lotheville Pass
765,Bridie,Moxom,59 Harbort Street
766,Noellyn,Pascow,581 Maywood Park
767,Milzie,Creegan,3133 Fairfield Terrace
768,Janel,Coppeard,88 Crest Line Park
769,Cybill,Burkett,727 Forest Dale Lane
770,Micaela,Harmond,99 Victoria Place
771,Hilario,Ledger,69 Thackeray Point
772,Evangelia,Moors,7 Rusk Junction
773,Kellina,Gwatkins,78058 Doe Crossing Street
774,Waylin,Seatter,55086 Delladonna Park
775,Cullin,Heeps,0578 Troy Trail
776,Drucill,Draco,2879 5th Point
777,Sergeant,Fidele,61 Kropf Drive
778,Barbaraanne,Dikels,460 Hintze Way
779,Dame,Reston,39 Paget Junction
780,Wilt,Kolodziejski,1758 Bashford Court
781,Karlis,Bill,73251 Summerview Drive
782,Terrell,Keaveney,6 Forest Terrace
783,King,Monkman,32 Laurel Street
784,Mateo,Hummerston,61 Kedzie Place
785,Goraud,Rames,94651 Waywood Hill
786,Berenice,Wilcher,890 Sachs Avenue
787,Kim,Kroger,797 Lakewood Terrace
788,Gregory,Lawton,0823 Claremont Crossing
789,Palmer,Haywood,68 Trailsway Place
790,Kinna,Lingfoot,5343 Hanover Court
791,Minor,Ivakhnov,2478 Schlimgen Point
792,Annamarie,Fountain,21 Bayside Place
793,Clim,Nelhams,3 Oak Valley Place
794,Mano,Daintrey,7 Novick Trail
795,Daisie,Filyushkin,092 Kensington Drive
796,Inez,Oddey,62 West Road
797,Salvidor,Saltman,65823 Linden Parkway
798,Adele,Knee,020 Acker Circle
799,Cookie,Rojahn,6 Old Gate Park
800,Ag,Croydon,138 Annamark Trail
801,Worth,Astman,3 Dayton Circle
802,Ozzie,Pannaman,86044 Larry Court
803,Sybil,Matczak,573 Iowa Lane
804,Solomon,Pilgram,65 Lillian Place
805,Gabrielle,Pafford,0 Ramsey Crossing
806,Arney,Woolcocks,015 Birchwood Hill
807,Lem,Mingay,07250 Magdeline Terrace
808,Morgan,Hysom,7 Burrows Plaza
809,Tracie,Cockrell,936 Gateway Way
810,Danny,Bru,5200 Prairieview Plaza
811,Elia,Lowthorpe,5 Bartillon Park
812,Radcliffe,Macken,4981 Dunning Trail
813,Ronda,Macari,75 Miller Pass
814,Yoshi,Mitton,48678 Golf Junction
815,Marve,Orriss,77373 Granby Parkway
816,Franny,Swansborough,3 Petterle Alley
817,Claretta,Mariot,021 Schurz Junction
818,Debbie,Kettlestringe,8 Russell Avenue
819,Corrine,Diehn,8021 Roxbury Road
820,Skylar,Staunton,05 Ronald Regan Lane
821,Halsey,Jacques,31443 Lyons Terrace
822,Ransom,Goshawk,31 Portage Place
823,Dexter,Amberger,6827 Pine View Avenue
824,Jillian,Gurling,650 Mifflin Park
825,Malory,Scathard,0175 Truax Drive
826,Kassi,Harfleet,563 Lyons Hill
827,Mylo,Reina,1 Tony Park
828,Saxe,Saville,2353 West Street
829,Murial,Gotthard.sf,79139 Stone Corner Place
830,Bobina,Heape,21 Northridge Plaza
831,Corabelle,Dadge,9518 Holmberg Center
832,Jens,Vasilyevski,20676 Arizona Park
833,Olly,Cammish,4 Surrey Alley
834,Field,Grosier,5676 Spohn Junction
835,Bambie,Charle,66909 Tennessee Hill
836,Sonni,Riquet,8145 Ridgeway Pass
837,Teresina,Culbert,23568 Dexter Place
838,Anatollo,Lye,32474 Fremont Road
839,Mannie,Struys,2821 Kinsman Circle
840,Leslie,Zanussii,90 Glacier Hill Circle
841,Elwyn,Ewert,06714 Prairie Rose Way
842,Ethelind,Mower,308 Cascade Crossing
843,Arny,Bruinemann,369 Morning Junction
844,Miguelita,Brogan,501 Brown Avenue
845,Francyne,Mateiko,25259 Blue Bill Park Hill
846,Terrijo,Garlant,0 Homewood Circle
847,Leonid,Matignon,3 Swallow Drive
848,Kimberley,Borrett,9 Esch Circle
849,Gerianna,Amesbury,471 Chive Place
850,Berny,Klimkin,3 Anhalt Crossing
851,Tommie,Austin,484 Norway Maple Plaza
852,Dari,Jeanneau,0137 Green Ridge Avenue
853,Si,Giovanizio,1 Arizona Way
854,Chan,Mahedy,76966 Tennessee Crossing
855,Ninetta,Duffil,133 Bayside Lane
856,Trude,Gadie,09903 Calypso Plaza
857,Brennen,Radleigh,90 Grayhawk Junction
858,Patsy,Ivie,59165 Vermont Pass
859,Felice,Wychard,60529 Kipling Alley
860,Kaitlin,Casina,15622 Quincy Place
861,Birgitta,Matthiae,1 Delladonna Drive
862,Rafferty,Sturzaker,194 Sloan Center
863,Lainey,Dunsmore,7337 Starling Parkway
864,Shepherd,Peever,5052 Stone Corner Street
865,Tove,Onyon,114 Merry Point
866,Schuyler,Alans,263 Saint Paul Plaza
867,Kania,MacPike,94 Buhler Lane
868,Jeramie,Jane,80 Maple Wood Alley
869,Raychel,Kitchingman,96 Burning Wood Circle
870,Jonis,Ech,8 Loftsgordon Drive
871,Maighdiln,Roby,905 Logan Point
872,Rufe,Greir,872 Morningstar Parkway
873,Ogdon,Atkirk,5 Bluestem Crossing
874,Tommy,Madine,614 Melrose Drive
875,Tarra,Coldbathe,1 Golf View Place
876,Hillie,Wortman,1 Jay Street
877,Thedric,Passler,2 Pond Way
878,Mack,Janout,5906 Crownhardt Crossing
879,Bel,Grinikhin,7703 Crowley Avenue
880,Eve,Wetherill,8137 Claremont Terrace
881,Kimberly,D'Alessio,3 Derek Avenue
882,Bethena,Paolone,16139 Towne Place
883,La verne,Mustill,65 Vera Place
884,Esme,Cattrell,3 Lotheville Lane
885,Lorilee,Hofer,0 Hazelcrest Court
886,Reeva,O'Carrol,40 Little Fleur Circle
887,Shelly,Matei,07922 Onsgard Trail
888,Sawyere,Rimmington,54 South Point
889,Avivah,Hobben,93 Nevada Parkway
890,Leeanne,Southcoat,819 Duke Park
891,Zed,MacTeague,8 Melby Road
892,Friederike,Cathrall,261 Pepper Wood Circle
893,Rikki,Lathey,5425 Hallows Crossing
894,Carol-jean,Fillgate,04111 Sachs Drive
895,Eugine,Frears,686 Hollow Ridge Place
896,Johnath,Pilgram,3866 Burning Wood Trail
897,Rees,Gyorgy,4 Oak Valley Crossing
898,Tasha,Morewood,47896 Bowman Terrace
899,Egbert,Pendred,9 Swallow Trail
900,Margarette,Kesper,1 Utah Hill
901,Eleni,Winckworth,2669 Maple Wood Pass
902,Lin,Brignell,3 Talisman Hill
903,Vasilis,Bernocchi,59952 Donald Road
904,Alain,Blood,430 Trailsway Avenue
905,Kimberli,Abrahmson,345 Gina Point
906,Aristotle,Stickings,5 Bartillon Alley
907,Thomasina,Trevaskus,30 Duke Terrace
908,Starlene,Pollok,02205 Hollow Ridge Road
909,Maurine,Gley,856 Sugar Center
910,Keen,Jurkiewicz,1642 Larry Pass
911,Hetti,Sillito,8526 Hoepker Street
912,Kamilah,Kornyakov,87471 Scott Drive
913,Kerk,Tubbs,9308 Pawling Junction
914,Teena,Hardwich,517 Dottie Trail
915,Karin,Shoobridge,3 Grover Park
916,Zorah,Lofty,63 Homewood Crossing
917,Conny,Godlip,4 Tomscot Hill
918,Raye,Skypp,44 Algoma Place
919,Emily,Shellshear,7 Manufacturers Circle
920,Patty,Bagguley,99 Alpine Terrace
921,Toma,De la Yglesia,1293 Eastlawn Crossing
922,Ricard,Moquin,419 Helena Pass
923,Cassius,Pietzke,39800 Westend Junction
924,Daryl,Scotts,48498 Oakridge Park
925,Ros,Fairebrother,40 Pawling Lane
926,Mollee,Passo,14990 Kedzie Alley
927,Elisabetta,Osipenko,26 Miller Point
928,Roana,Paprotny,07353 Karstens Lane
929,Jennilee,Ozelton,953 Del Mar Court
930,Faulkner,Stopford,1 Ridgeway Drive
931,Brandea,O'Hartagan,14495 Grover Plaza
932,Mervin,Mollitt,57460 Springview Parkway
933,Hyacinthia,Jedrychowski,0371 Dapin Way
934,Otto,Gerram,5534 Transport Alley
935,Starlin,Beveridge,17865 Merry Alley
936,Kelsey,Purches,04101 Washington Center
937,Emery,Seggie,10 Kennedy Center
938,Meier,Conachy,10335 Oak Valley Trail
939,Dianne,Megroff,59803 Village Hill
940,Robby,Jordanson,81853 Lakewood Gardens Court
941,Tersina,McQuorkell,429 Dennis Alley
942,Peria,Kumaar,8075 Briar Crest Avenue
943,Whitman,Strettell,2 Nova Place
944,Karole,Orta,5 Pierstorff Drive
945,Baryram,Hansed,06901 Swallow Park
946,Alfie,Cuzen,40 Mesta Road
947,Lionel,Radborn,748 Banding Way
948,Gertrud,Stanning,2 Sugar Center
949,Yolande,Bottomer,090 Morningstar Trail
950,Alleyn,Greensall,53 Troy Park
951,Theresina,Barriball,39028 Gulseth Drive
952,Fey,Dring,5775 Gateway Point
953,Emlen,Girk,850 Stone Corner Circle
954,Lorelle,Parkey,1 Mitchell Terrace
955,Talia,Haly,69 Cody Center
956,Doy,Woonton,871 Birchwood Road
957,Robinia,Ogilvy,37 Buhler Park
958,Cristina,Worledge,97151 Redwing Circle
959,Nikolaus,Brooksby,13614 Hayes Alley
960,Celle,Embling,5 Sundown Street
961,Gussie,Hawkwood,71742 Waywood Court
962,Valle,Itzak,7450 Dryden Hill
963,Karol,Dell'Abbate,17 Sullivan Avenue
964,Bobbie,Bernasek,4218 Johnson Street
965,Gilberto,Gilbert,96332 Veith Pass
966,Alon,Fevier,83 Kedzie Junction
967,Janot,Duxfield,0 Darwin Drive
968,Gabbie,Coultard,70343 Darwin Terrace
969,Kaila,Karlmann,27 Cody Lane
970,Alis,Insole,777 Kipling Crossing
971,Anneliese,Dougill,7 Holmberg Center
972,Faun,Beneyto,6 Hallows Pass
973,Etty,Looker,00 Portage Park
974,Cyndia,Coggin,2332 Melody Hill
975,Nedi,Kendle,47 Drewry Way
976,Francisco,Lynagh,22153 Summit Pass
977,Nickolaus,Rosenbush,44 Butterfield Street
978,Atlante,Zanitti,64 Ridgeview Pass
979,Renate,Condie,01177 Lukken Street
980,Gannon,Lockless,7022 Lerdahl Circle
981,Tim,Mace,2 Dunning Crossing
982,Townsend,Goacher,994 Namekagon Center
983,Regan,Rountree,96 Alpine Street
984,Malina,Couroy,3756 Kings Drive
985,Yves,Egarr,4 Manley Trail
986,Trueman,Janiak,49890 Dawn Junction
987,Kass,Filipic,62 Pepper Wood Alley
988,Douglas,Neljes,859 Sommers Trail
989,Raul,Toplin,30333 Farragut Parkway
990,Ceciley,Glaves,557 Granby Plaza
991,Amandie,Probat,0 Buena Vista Junction
992,Erek,Dugald,81615 Express Trail
993,Zandra,Brizland,2898 Hermina Road
994,Barbi,Caveney,92 Barby Center
995,Lesly,Brightman,2855 Lakewood Parkway
996,Micheil,Tindall,738 Rowland Alley
997,Kacie,Lockhead,01472 Village Green Pass
998,Margette,Olphert,19642 Cascade Way
999,Pietrek,Ghione,568 Loftsgordon Street
1000,Fern,Laroux,5 Glendale Parkway
